codec,orig,csize,ratio,enc_mbs,dec_mbs,files
"lz6 1.6.8-pre seq -15",13136308,5098928,38.816,1.76,575.92,8
"lz6 1.6.8-pre seq -14",13136308,5100004,38.824,2.34,576.13,8
"lz6 1.6.8-pre seq -13",13136308,5103632,38.851,3.45,581.03,8
"lz6 1.6.8-pre seq -12",13136308,5113549,38.927,6.48,586.23,8
"lz6 1.6.8-pre seq -11",13136308,5116727,38.951,8.77,586.62,8
"lz6 1.6.8-pre seq -10",13136308,5118473,38.964,8.79,586.41,8
"lz6 1.6.8-pre seq -9",13136308,5133905,39.082,9.63,574.50,8
"lz6 1.6.8-pre seq -8",13136308,5154211,39.236,11.84,573.54,8
"lz6 1.6.8-pre seq -7",13136308,5192171,39.525,22.44,584.66,8
"lz6 1.6.8-pre seq -6",13136308,5197311,39.564,25.30,581.25,8
"lz6 1.6.8-pre seq -5",13136308,5200318,39.587,62.71,612.58,8
"lz6 1.6.8-pre seq -4",13136308,5209712,39.659,67.01,614.30,8
"lz6 1.6.8-pre seq -3",13136308,5240636,39.894,96.10,605.64,8
"lz6 1.6.8-pre seq -2",13136308,5314845,40.459,205.83,652.23,8
"lz6 1.6.8-pre seq -1",13136308,5355986,40.772,248.21,683.83,8
"uf-lzma2 1.2.0 -11",13136308,6914570,52.637,2.16,64.82,8
"brotli 1.2.0 -11",13136308,7041245,53.601,0.57,220.31,8
"fastlzma2 1.0.1 -10",13136308,7067576,53.802,6.20,46.97,8
"uf-lzma2 1.1.0 -10",13136308,7067576,53.802,6.23,63.93,8
"fastlzma2 1.0.1 -5",13136308,7086428,53.945,8.63,46.47,8
"uf-lzma2 1.1.0 -5",13136308,7086428,53.945,8.57,62.76,8
"xz 5.8.3 -6",13136308,7114024,54.155,3.68,66.59,8
"xz 5.8.3 -9",13136308,7114024,54.155,3.34,66.25,8
"fastlzma2 1.0.1 -1",13136308,7330324,55.802,16.32,49.31,8
"uf-lzma2 1.1.0 -1",13136308,7330324,55.802,16.36,70.44,8
"zstd 1.5.7 -19",13136308,7351946,55.967,5.05,1049.52,8
"xz 5.8.3 -3",13136308,7379360,56.175,6.90,65.45,8
"xz 5.8.3 -1",13136308,7435760,56.605,9.05,63.56,8
"brotli 1.2.0 -9",13136308,7468536,56.854,13.35,308.19,8
"brotli 1.2.0 -6",13136308,7489339,57.013,32.39,310.35,8
"zstd 1.5.7 -15",13136308,7530938,57.329,12.66,996.54,8
"zstd 1.5.7 -12",13136308,7552509,57.493,34.75,972.39,8
"zstd 1.5.7 -9",13136308,7578176,57.689,65.54,983.40,8
"brotli 1.2.0 -4",13136308,7591522,57.790,79.64,334.96,8
"zstd 1.5.7 -5",13136308,7619521,58.004,121.73,953.38,8
"zstd 1.5.7 -3",13136308,7695386,58.581,182.00,1040.71,8
"zlib 1.3.2 -9",13136308,7786253,59.273,7.09,301.75,8
"zlib 1.3.2 -6",13136308,7814687,59.489,19.94,294.10,8
"brotli 1.2.0 -1",13136308,7855241,59.798,255.83,287.41,8
"zstd 1.5.7 -1",13136308,7869981,59.910,412.95,1338.90,8
"lizard 2.1 -49",13136308,8041060,61.212,5.34,1506.97,8
"zlib 1.3.2 -1",13136308,8094068,61.616,52.57,297.91,8
"lizard 2.1 -45",13136308,8253375,62.829,16.90,1516.52,8
"lizard 2.1 -40",13136308,8481600,64.566,323.80,1466.61,8
"lz5 v1.5 HC -15",13136308,8603507,65.494,2.08,978.90,8
"lz5 v1.5 HC -12",13136308,8720302,66.383,10.99,1052.98,8
"lizard 2.1 -30",13136308,8756123,66.656,437.88,1875.41,8
"misa77 0.6.0 -3",13136308,8867044,67.500,9.69,5541.63,8
"lz5 v1.5 HC -9",13136308,8900815,67.757,19.83,1150.93,8
"lz6 1.6.8-pre HC -15",13136308,8996304,68.484,9.89,1617.67,8
"lz6 1.6.8-pre HC -12",13136308,8996539,68.486,10.48,1629.09,8
"lz5 v1.5 HC -6",13136308,9066986,69.022,40.08,1518.67,8
"misa77 0.6.0 -4",13136308,9070575,69.050,7.31,3471.31,8
"lz6 1.6.8-pre HC -6",13136308,9190747,69.964,41.42,1564.31,8
"misa77 0.6.0 -2",13136308,9287323,70.700,37.37,6586.11,8
"lz5 v1.5",13136308,9469498,72.086,317.21,1249.39,8
"misa77 0.6.0 -0",13136308,9554603,72.734,192.52,7284.40,8
"misa77 0.6.0 -1",13136308,9628088,73.294,48.87,7792.89,8
"lizard 2.1 -20",13136308,9761531,74.310,436.66,2435.20,8
"lizard 2.1 -10",13136308,9926082,75.562,604.90,4600.45,8
"lz4 1.10.0",13136308,9938605,75.658,768.63,5090.32,8
"misa77 0.6.0 --1",13136308,10041718,76.442,308.50,7432.46,8
"lz5 v1.5 HC -1",13136308,10441177,79.483,519.26,2514.09,8
"memlz 0.2 beta",13136308,10724346,81.639,1872.46,1712.66,8
